type;message
check_count_acoes_is_deleted;A ação 1032, uo 1261, consta como deletada na base ações-planejamento (desc.: MODALLIDADES E ...) em inconsistência com a base localizadores (NA).
check_count_acoes_is_deleted;A ação 4504, uo 1261, consta como deletada na base ações-planejamento (desc.: RECRUTAMENTO E ...) em inconsistência com a base localizadores (NA).
check_count_acoes_is_deleted;A ação 2417, uo 1271, consta como deletada na base ações-planejamento (desc.: REMUNERAÇÃO DE ...) em inconsistência com a base localizadores (NA).
check_count_acoes_is_deleted;A ação 4118, uo 1301, consta como deletada na base ações-planejamento (desc.: LOTE OURO ...) em inconsistência com a base localizadores (NA).
check_count_acoes_is_deleted;A ação 4124, uo 1301, consta como deletada na base ações-planejamento (desc.: LOTE OURO ...) em inconsistência com a base localizadores (NA).
check_count_acoes_is_deleted;A ação 4160, uo 1301, consta como deletada na base ações-planejamento (desc.: REGULAÇÃO DE ...) em inconsistência com a base localizadores (NA).
check_count_acoes_is_deleted;A ação 4161, uo 1301, consta como deletada na base ações-planejamento (desc.: REGULAÇÃO DE ...) em inconsistência com a base localizadores (NA).
check_count_acoes_is_deleted;A ação 2417, uo 1481, consta como deletada na base ações-planejamento (desc.: REMUNERAÇÃO DE ...) em inconsistência com a base localizadores (NA).
check_count_acoes_is_deleted;A ação 2417, uo 1501, consta como deletada na base ações-planejamento (desc.: REMUNERAÇÃO DE ...) em inconsistência com a base localizadores (NA).
check_count_acoes_is_deleted;A ação 2417, uo 1541, consta como deletada na base ações-planejamento (desc.: REMUNERAÇÃO DE ...) em inconsistência com a base localizadores (NA).
check_count_acoes_is_deleted;A ação 7019, uo 1916, consta como deletada na base ações-planejamento (desc.: GESTÃO DE ...) em inconsistência com a base localizadores (NA).
check_count_acoes_is_deleted;A ação 2022, uo 2071, consta como deletada na base ações-planejamento (desc.: REMUNERAÇÃO DE ...) em inconsistência com a base localizadores (NA).
check_count_acoes_is_deleted;A ação 1029, uo 2161, consta como deletada na base ações-planejamento (desc.: REALIZAÇÃO DE ...) em inconsistência com a base localizadores (NA).
check_count_acoes_is_deleted;A ação 1031, uo 2311, consta como deletada na base ações-planejamento (desc.: REMUNERAÇÃO DE ...) em inconsistência com a base localizadores (NA).
check_count_acoes_is_deleted;A ação 2417, uo 2331, consta como deletada na base ações-planejamento (desc.: REMUNERAÇÃO DE ...) em inconsistência com a base localizadores (NA).
check_count_acoes_is_deleted;A ação 2417, uo 2371, consta como deletada na base ações-planejamento (desc.: REMUNERAÇÃO DE ...) em inconsistência com a base localizadores (NA).
check_count_acoes_is_deleted;A ação 2417, uo 2441, consta como deletada na base ações-planejamento (desc.: REMUNERAÇÃO DE ...) em inconsistência com a base localizadores (NA).
check_count_acoes_is_deleted;A ação 2034, uo 4291, consta como deletada na base ações-planejamento (desc.: REMUNERAÇÃO DE ...) em inconsistência com a base localizadores (NA).
check_count_acoes_is_deleted;A ação 2013, uo 4631, consta como deletada na base ações-planejamento (desc.: CONCESSÕES DE ...) em inconsistência com a base localizadores (NA).
check_fechamento_fonte_orcam_fiscal;A Fonte de Recurso 10 está com os valores totais de receita e despesa diferentes nas bases. R$ 76.205.969.192,00 na base orçamento fiscal da receita, e 86.079.301.809,00 na qdd fiscal. A diferença é de R$ -9873332617.
check_fechamento_fonte_orcam_fiscal;A Fonte de Recurso 12 está com os valores totais de receita e despesa diferentes nas bases. R$ 837,00 na base orçamento fiscal da receita, e  NA na qdd fiscal. A diferença é de R$ 837.
check_fechamento_fonte_orcam_fiscal;A Fonte de Recurso 20 está com os valores totais de receita e despesa diferentes nas bases. R$ 0,00 na base orçamento fiscal da receita, e  NA na qdd fiscal. A diferença é de R$ NA.
check_fechamento_fonte_orcam_fiscal;A Fonte de Recurso 31 está com os valores totais de receita e despesa diferentes nas bases. R$ 71.657.243,00 na base orçamento fiscal da receita, e 53.079.966,00 na qdd fiscal. A diferença é de R$ 18577277.
check_fechamento_fonte_orcam_fiscal;A Fonte de Recurso 32 está com os valores totais de receita e despesa diferentes nas bases. R$ 375.829.398,00 na base orçamento fiscal da receita, e 309.878.193,00 na qdd fiscal. A diferença é de R$ 65951205.
check_fechamento_fonte_orcam_fiscal;A Fonte de Recurso 33 está com os valores totais de receita e despesa diferentes nas bases. R$ 37.947.881,00 na base orçamento fiscal da receita, e 36.352.549,00 na qdd fiscal. A diferença é de R$ 1595332.
check_fechamento_fonte_orcam_fiscal;A Fonte de Recurso 40 está com os valores totais de receita e despesa diferentes nas bases. R$ 3.400,00 na base orçamento fiscal da receita, e  NA na qdd fiscal. A diferença é de R$ 3400.
check_fechamento_fonte_orcam_fiscal;A Fonte de Recurso 46 está com os valores totais de receita e despesa diferentes nas bases. R$ 1.071,00 na base orçamento fiscal da receita, e  NA na qdd fiscal. A diferença é de R$ 1071.
check_fechamento_fonte_orcam_fiscal;A Fonte de Recurso 47 está com os valores totais de receita e despesa diferentes nas bases. R$ 11.650.190,00 na base orçamento fiscal da receita, e 10.798.190,00 na qdd fiscal. A diferença é de R$ 852000.
check_fechamento_fonte_orcam_fiscal;A Fonte de Recurso 48 está com os valores totais de receita e despesa diferentes nas bases. R$ 21.883.351,00 na base orçamento fiscal da receita, e  NA na qdd fiscal. A diferença é de R$ 21883351.
check_fechamento_fonte_orcam_fiscal;A Fonte de Recurso 50 está com os valores totais de receita e despesa diferentes nas bases. R$ 2.000.062.373,00 na base orçamento fiscal da receita, e 1.865.809.982,00 na qdd fiscal. A diferença é de R$ 134252391.
check_fechamento_fonte_orcam_fiscal;A Fonte de Recurso 52 está com os valores totais de receita e despesa diferentes nas bases. R$ 45.490.846,00 na base orçamento fiscal da receita, e 34.123.470,00 na qdd fiscal. A diferença é de R$ 11367376.
check_fechamento_fonte_orcam_fiscal;A Fonte de Recurso 53 está com os valores totais de receita e despesa diferentes nas bases. R$ 3.207,00 na base orçamento fiscal da receita, e  NA na qdd fiscal. A diferença é de R$ 3207.
check_fechamento_fonte_orcam_fiscal;A Fonte de Recurso 59 está com os valores totais de receita e despesa diferentes nas bases. R$ 167.991.037,00 na base orçamento fiscal da receita, e 137.471.457,00 na qdd fiscal. A diferença é de R$ 30519580.
check_fechamento_fonte_orcam_fiscal;A Fonte de Recurso 60 está com os valores totais de receita e despesa diferentes nas bases. R$ 3.806.453.528,00 na base orçamento fiscal da receita, e 2.917.277.248,00 na qdd fiscal. A diferença é de R$ 889176280.
check_fechamento_fonte_orcam_fiscal;A Fonte de Recurso 61 está com os valores totais de receita e despesa diferentes nas bases. R$ 308.958.375,00 na base orçamento fiscal da receita, e 282.962.599,00 na qdd fiscal. A diferença é de R$ 25995776.
check_fechamento_fonte_orcam_fiscal;A Fonte de Recurso 72 está com os valores totais de receita e despesa diferentes nas bases. R$ 380.355.187,00 na base orçamento fiscal da receita, e 346.197.639,00 na qdd fiscal. A diferença é de R$ 34157548.
check_fechamento_fonte_orcam_fiscal;A Fonte de Recurso 82 está com os valores totais de receita e despesa diferentes nas bases. R$ 137.459.096,00 na base orçamento fiscal da receita, e 121.995.841,00 na qdd fiscal. A diferença é de R$ 15463255.
check_fechamento_fonte_orcam_fiscal;A Fonte de Recurso 91 está com os valores totais de receita e despesa diferentes nas bases. R$ 108.888.189,00 na base orçamento fiscal da receita, e 80.155.046,00 na qdd fiscal. A diferença é de R$ 28733143.
check_fechamento_fonte_orcam_fiscal;A Fonte de Recurso 94 está com os valores totais de receita e despesa diferentes nas bases. R$ 9.844.803,00 na base orçamento fiscal da receita, e 9.603.727,00 na qdd fiscal. A diferença é de R$ 241076.
check_indicadores_consistency_indice_de_referencia_exists;O programa 75 contém indicador (PERCENTUAL DO COMPLEXO...) que, apesar de ter índice de referência de 20, está sem meta para o ano 3.
check_indicadores_consistency_indice_de_referencia_missing;O programa 3 contém indicador (PERCENTUAL DE ELIMINAÇÃO...) que, apesar não de ter índice de referência, está com meta para o ano 3.
check_indicadores_consistency_indice_de_referencia_missing;O programa 3 contém indicador (ÍNDICE DE EFETIVIDADE...) que, apesar não de ter índice de referência, está com meta para o ano 3.
check_indicadores_consistency_indice_de_referencia_missing;O programa 11 contém indicador (TAXA DE MATERIAIS...) que, apesar não de ter índice de referência, está com meta para o ano 3.
check_indicadores_consistency_indice_de_referencia_missing;O programa 18 contém indicador (PERCENTUAL DE CAMPANHAS...) que, apesar não de ter índice de referência, está com meta para o ano 3.
check_indicadores_consistency_indice_de_referencia_missing;O programa 27 contém indicador (CAPACITAÇÃO EM INSTRUMENTOS...) que, apesar não de ter índice de referência, está com meta para o ano 3.
check_indicadores_consistency_indice_de_referencia_missing;O programa 27 contém indicador (CAPACITAÇÃO EM GEOTECNOLOGIAS...) que, apesar não de ter índice de referência, está com meta para o ano 3.
check_indicadores_consistency_indice_de_referencia_missing;O programa 27 contém indicador (PROJETOS DE PAGAMENTO...) que, apesar não de ter índice de referência, está com meta para o ano 3.
check_indicadores_consistency_indice_de_referencia_missing;O programa 27 contém indicador (INCREMENTO DE ABRANGÊNCIA...) que, apesar não de ter índice de referência, está com meta para o ano 3.
check_indicadores_consistency_indice_de_referencia_missing;O programa 27 contém indicador (EXECUÇÃO DAS METAS...) que, apesar não de ter índice de referência, está com meta para o ano 3.
check_indicadores_consistency_indice_de_referencia_missing;O programa 48 contém indicador (ÍNDICE DE ATENDIMENTO...) que, apesar não de ter índice de referência, está com meta para o ano 3.
check_indicadores_consistency_indice_de_referencia_missing;O programa 64 contém indicador (NÚMERO DE MUNICÍPIOS...) que, apesar não de ter índice de referência, está com meta para o ano 3.
check_indicadores_consistency_indice_de_referencia_missing;O programa 75 contém indicador (PERCENTUAL DE OBRA...) que, apesar não de ter índice de referência, está com meta para o ano 3.
check_indicadores_consistency_indice_de_referencia_missing;O programa 91 contém indicador (PESQUISA/ATIVIDADE REALIZADA NA...) que, apesar não de ter índice de referência, está com meta para o ano 3.
check_indicadores_consistency_indice_de_referencia_missing;O programa 91 contém indicador (TAXA DE EVASÃO...) que, apesar não de ter índice de referência, está com meta para o ano 3.
check_indicadores_consistency_indice_de_referencia_missing;O programa 147 contém indicador (PERÍCIAS MÉDICAS AGENDADAS...) que, apesar não de ter índice de referência, está com meta para o ano 3.
check_indicadores_consistency_indice_de_referencia_missing;O programa 160 contém indicador (EFICÁCIA DA GESTÃO...) que, apesar não de ter índice de referência, está com meta para o ano 3.
check_indicadores_consistency_indice_de_referencia_missing;O programa 760 contém indicador (INDICE DE APROVEITAMENTO...) que, apesar não de ter índice de referência, está com meta para o ano 3.
check_indicadores_consistency_indice_de_referencia_missing;O programa 760 contém indicador (ÍNDICE DE APROVEITAMENTO...) que, apesar não de ter índice de referência, está com meta para o ano 3.
check_indicadores_consistency_indice_de_referencia_missing;O programa 760 contém indicador (ÍNDICE DE APROVEITAMENTO...) que, apesar não de ter índice de referência, está com meta para o ano 3.
check_indicadores_justificativa_indice_referencia_em_apuracao;O programa 760 contém indicador (ÍNDICE DE APROVEITAMENTO...) que está em apuração, porém com justificativa de status inválida, menos de 50 caracteres (0 caract.).
check_indicadores_justificativa_indice_referencia_em_apuracao;O programa 760 contém indicador (ÍNDICE DE APROVEITAMENTO...) que está em apuração, porém com justificativa de status inválida, menos de 50 caracteres (0 caract.).
check_indicadores_previsoes_zeradas;O programa 94 contém indicador (TAXA DE CRESCIMENTO...) cuja previsão, apesar de não estar em apuração, está com valor zerado para o ano 3.
check_indicadores_previsoes_zeradas;O programa 165 contém indicador (IDEB ANOS INICIAIS...) cuja previsão, apesar de não estar em apuração, está com valor zerado para o ano 3.
check_indicadores_previsoes_zeradas;O programa 165 contém indicador (IDEB ENSINO MÉDIO...) cuja previsão, apesar de não estar em apuração, está com valor zerado para o ano 3.
check_indicadores_previsoes_zeradas;O programa 165 contém indicador (IDEB ANOS FINAIS...) cuja previsão, apesar de não estar em apuração, está com valor zerado para o ano 3.
check_indicadores_previsoes_zeradas;O programa 167 contém indicador (IDEB ANOS INICIAIS...) cuja previsão, apesar de não estar em apuração, está com valor zerado para o ano 3.
check_indicadores_previsoes_zeradas;O programa 167 contém indicador (IDEB ENSINO MÉDIO...) cuja previsão, apesar de não estar em apuração, está com valor zerado para o ano 3.
check_indicadores_previsoes_zeradas;O programa 167 contém indicador (IDEB ANOS FINAIS...) cuja previsão, apesar de não estar em apuração, está com valor zerado para o ano 3.
check_intra_detalhamento;A uo 1401 está com valor recebido de recursos intraorçamentários (R$ 633.000,00) diferente do valor detalhado (R$ 0,00) na base intra-detalhamento.
check_intra_detalhamento;A uo 1451 está com valor recebido de recursos intraorçamentários (R$ 192.680.044,00) diferente do valor detalhado (R$ 0,00) na base intra-detalhamento.
check_intra_detalhamento;A uo 1541 está com valor recebido de recursos intraorçamentários (R$ 24.910.765,00) diferente do valor detalhado (R$ 0,00) na base intra-detalhamento.
check_intra_detalhamento;A uo 2011 está com valor recebido de recursos intraorçamentários (R$ 452.419.585,00) diferente do valor detalhado (R$ 0,00) na base intra-detalhamento.
check_intra_detalhamento;A uo 2121 está com valor recebido de recursos intraorçamentários (R$ 2.263.837.510,00) diferente do valor detalhado (R$ 0,00) na base intra-detalhamento.
check_intra_detalhamento;A uo 2251 está com valor recebido de recursos intraorçamentários (R$ 18.000,00) diferente do valor detalhado (R$ 0,00) na base intra-detalhamento.
check_intra_detalhamento;A uo 2261 está com valor recebido de recursos intraorçamentários (R$ 612.201.552,00) diferente do valor detalhado (R$ 0,00) na base intra-detalhamento.
check_intra_detalhamento;A uo 2271 está com valor recebido de recursos intraorçamentários (R$ 2.147.817.226,00) diferente do valor detalhado (R$ 0,00) na base intra-detalhamento.
check_intra_detalhamento;A uo 2321 está com valor recebido de recursos intraorçamentários (R$ 453.417.789,00) diferente do valor detalhado (R$ 0,00) na base intra-detalhamento.
check_intra_detalhamento;A uo 2361 está com valor recebido de recursos intraorçamentários (R$ 14.868.000,00) diferente do valor detalhado (R$ 0,00) na base intra-detalhamento.
check_intra_detalhamento;A uo 3051 está com valor recebido de recursos intraorçamentários (R$ 120.000,00) diferente do valor detalhado (R$ 0,00) na base intra-detalhamento.
check_intra_detalhamento;A uo 4031 está com valor recebido de recursos intraorçamentários (R$ 87.426.030,00) diferente do valor detalhado (R$ 0,00) na base intra-detalhamento.
check_intra_detalhamento;A uo 4441 está com valor recebido de recursos intraorçamentários (R$ 50.000,00) diferente do valor detalhado (R$ 0,00) na base intra-detalhamento.
check_intra_detalhamento;A uo 4451 está com valor recebido de recursos intraorçamentários (R$ 8.000.000,00) diferente do valor detalhado (R$ 0,00) na base intra-detalhamento.
check_intra_detalhamento;A uo 4631 está com valor recebido de recursos intraorçamentários (R$ 2.000,00) diferente do valor detalhado (R$ 0,00) na base intra-detalhamento.
check_intra_detalhamento;A uo 4661 está com valor recebido de recursos intraorçamentários (R$ 468.195,00) diferente do valor detalhado (R$ 0,00) na base intra-detalhamento.
check_intra_detalhamento;A uo 4711 está com valor recebido de recursos intraorçamentários (R$ 7.157.695.585,00) diferente do valor detalhado (R$ 0,00) na base intra-detalhamento.
check_intra_detalhamento;A uo 9901 está com valor recebido de recursos intraorçamentários (R$ 545.754.463,00) diferente do valor detalhado (R$ 0,00) na base intra-detalhamento.
check_limite_ano0;A uo 1231 está com uma diferença de R$ (10.000,00) entre o valor de limite no ano 0 (R$ 21.241.698,00) e a soma do valor utilizado no ano (R$ 21.251.698,00) com o valor transferido no ano (R$ 0,00), que totalizam R$ 21.251.698,00.
check_limite_ano0;A uo 1481 está com uma diferença de R$ (389.621,00) entre o valor de limite no ano 0 (R$ 1.872.518,00) e a soma do valor utilizado no ano (R$ 2.262.139,00) com o valor transferido no ano (R$ 0,00), que totalizam R$ 2.262.139,00.
check_limite_ano0;A uo 1481 está com uma diferença de R$ (5.092,00) entre o valor de limite no ano 0 (R$ 13.479.099,00) e a soma do valor utilizado no ano (R$ 13.484.191,00) com o valor transferido no ano (R$ 0,00), que totalizam R$ 13.484.191,00.
check_limite_ano0;A uo 1481 está com uma diferença de R$ (44.472,00) entre o valor de limite no ano 0 (R$ 30.793.506,00) e a soma do valor utilizado no ano (R$ 30.837.978,00) com o valor transferido no ano (R$ 0,00), que totalizam R$ 30.837.978,00.
check_limite_ano0;A uo 1491 está com uma diferença de R$ 15.035.000,00 entre o valor de limite no ano 0 (R$ 350.000.000,00) e a soma do valor utilizado no ano (R$ 334.965.000,00) com o valor transferido no ano (R$ 0,00), que totalizam R$ 334.965.000,00.
check_limite_ano0;A uo 1491 está com uma diferença de R$ 1.278.257.562,00 entre o valor de limite no ano 0 (R$ 1.312.822.299,00) e a soma do valor utilizado no ano (R$ 34.564.737,00) com o valor transferido no ano (R$ 0,00), que totalizam R$ 34.564.737,00.
check_limite_ano0;A uo 1721 está com uma diferença de R$ (15.692,00) entre o valor de limite no ano 0 (R$ 4.290.432,00) e a soma do valor utilizado no ano (R$ 4.306.124,00) com o valor transferido no ano (R$ 0,00), que totalizam R$ 4.306.124,00.
check_limite_ano0;A uo 1991 está com uma diferença de R$ 15.035.000,00 entre o valor de limite no ano 0 (R$ 1.053.098.607,00) e a soma do valor utilizado no ano (R$ 1.038.063.607,00) com o valor transferido no ano (R$ 0,00), que totalizam R$ 1.038.063.607,00.
check_limite_ano0;A uo 2011 está com uma diferença de R$ 5.582.278,00 entre o valor de limite no ano 0 (R$ 126.207.095,00) e a soma do valor utilizado no ano (R$ 120.624.817,00) com o valor transferido no ano (R$ 0,00), que totalizam R$ 120.624.817,00.
check_limite_ano0;A uo 2101 está com uma diferença de R$ (1.000,00) entre o valor de limite no ano 0 (R$ 69.209.908,00) e a soma do valor utilizado no ano (R$ 69.210.908,00) com o valor transferido no ano (R$ 0,00), que totalizam R$ 69.210.908,00.
check_limite_ano0;A uo 2321 está com uma diferença de R$ (859.682,00) entre o valor de limite no ano 0 (R$ 175.770.947,00) e a soma do valor utilizado no ano (R$ 176.630.629,00) com o valor transferido no ano (R$ 0,00), que totalizam R$ 176.630.629,00.
check_limite_ano0;A uo 2331 está com uma diferença de R$ (198.964,00) entre o valor de limite no ano 0 (R$ 198.964,00) e a soma do valor utilizado no ano (R$ 397.928,00) com o valor transferido no ano (R$ 0,00), que totalizam R$ 397.928,00.
check_limite_ano0;A uo 2331 está com uma diferença de R$ (195.847,00) entre o valor de limite no ano 0 (R$ 5.461.066,00) e a soma do valor utilizado no ano (R$ 5.656.913,00) com o valor transferido no ano (R$ 0,00), que totalizam R$ 5.656.913,00.
check_limite_ano0;A uo 2331 está com uma diferença de R$ (1.665.355,00) entre o valor de limite no ano 0 (R$ 13.516.045,00) e a soma do valor utilizado no ano (R$ 15.181.400,00) com o valor transferido no ano (R$ 0,00), que totalizam R$ 15.181.400,00.
check_limite_ano0;A uo 4291 está com uma diferença de R$ 920.794.395,00 entre o valor de limite no ano 0 (R$ 10.236.330.625,00) e a soma do valor utilizado no ano (R$ 9.315.536.230,00) com o valor transferido no ano (R$ 0,00), que totalizam R$ 9.315.536.230,00.
check_limite_ano0;A uo 4341 está com uma diferença de R$ (875.000,00) entre o valor de limite no ano 0 (R$ 677.004,00) e a soma do valor utilizado no ano (R$ 1.552.004,00) com o valor transferido no ano (R$ 0,00), que totalizam R$ 1.552.004,00.
check_limite_ano0;A uo 4381 está com uma diferença de R$ (578.100,00) entre o valor de limite no ano 0 (R$ 1.400.000,00) e a soma do valor utilizado no ano (R$ 578.100,00) com o valor transferido no ano (R$ 1.400.000,00), que totalizam R$ 1.978.100,00.
check_limite_ano0;A uo 4381 está com uma diferença de R$ (46.757.524,00) entre o valor de limite no ano 0 (R$ 47.046.294,00) e a soma do valor utilizado no ano (R$ 46.757.524,00) com o valor transferido no ano (R$ 47.046.294,00), que totalizam R$ 93.803.818,00.
check_limite_plurianual;A uo 1011 está com uma diferença de R$ -1000 entre o valor de limite no ano 1 (R$ 0) e o valor utilizado no mesmo ano (R$ 1000).
check_limite_plurianual;A uo 1031 está com uma diferença de R$ -728293965 entre o valor de limite no ano 1 (R$ 0) e o valor utilizado no mesmo ano (R$ 728293965).
check_limite_plurianual;A uo 1031 está com uma diferença de R$ -8185562477 entre o valor de limite no ano 1 (R$ 0) e o valor utilizado no mesmo ano (R$ 8185562477).
check_limite_plurianual;A uo 1031 está com uma diferença de R$ -971465122 entre o valor de limite no ano 1 (R$ 0) e o valor utilizado no mesmo ano (R$ 971465122).
check_limite_plurianual;A uo 1051 está com uma diferença de R$ -7322245 entre o valor de limite no ano 1 (R$ 0) e o valor utilizado no mesmo ano (R$ 7322245).
check_limite_plurianual;A uo 1051 está com uma diferença de R$ -12039701 entre o valor de limite no ano 1 (R$ 0) e o valor utilizado no mesmo ano (R$ 12039701).
check_limite_plurianual;A uo 1051 está com uma diferença de R$ -107073084 entre o valor de limite no ano 1 (R$ 0) e o valor utilizado no mesmo ano (R$ 107073084).
check_limite_plurianual;A uo 1051 está com uma diferença de R$ -14644689 entre o valor de limite no ano 1 (R$ 0) e o valor utilizado no mesmo ano (R$ 14644689).
check_limite_plurianual;A uo 1051 está com uma diferença de R$ -1000 entre o valor de limite no ano 1 (R$ 0) e o valor utilizado no mesmo ano (R$ 1000).
check_limite_plurianual;A uo 1051 está com uma diferença de R$ -17021727 entre o valor de limite no ano 1 (R$ 0) e o valor utilizado no mesmo ano (R$ 17021727).
check_limite_plurianual;A uo 1091 está com uma diferença de R$ -5200000 entre o valor de limite no ano 1 (R$ 0) e o valor utilizado no mesmo ano (R$ 5200000).
check_limite_plurianual;A uo 1091 está com uma diferença de R$ -91562250 entre o valor de limite no ano 1 (R$ 0) e o valor utilizado no mesmo ano (R$ 91562250).
check_limite_plurianual;A uo 1091 está com uma diferença de R$ -215171450 entre o valor de limite no ano 1 (R$ 0) e o valor utilizado no mesmo ano (R$ 215171450).
check_limite_plurianual;A uo 1091 está com uma diferença de R$ -2929409000 entre o valor de limite no ano 1 (R$ 0) e o valor utilizado no mesmo ano (R$ 2929409000).
check_limite_plurianual;A uo 1091 está com uma diferença de R$ -229784128 entre o valor de limite no ano 1 (R$ 0) e o valor utilizado no mesmo ano (R$ 229784128).
check_limite_plurianual;A uo 1091 está com uma diferença de R$ -1000 entre o valor de limite no ano 1 (R$ 0) e o valor utilizado no mesmo ano (R$ 1000).
check_limite_plurianual;A uo 1091 está com uma diferença de R$ -556622105 entre o valor de limite no ano 1 (R$ 0) e o valor utilizado no mesmo ano (R$ 556622105).
check_limite_plurianual;A uo 1401 está com uma diferença de R$ -3100000 entre o valor de limite no ano 1 (R$ 0) e o valor utilizado no mesmo ano (R$ 3100000).
check_limite_plurianual;A uo 1441 está com uma diferença de R$ -12798150 entre o valor de limite no ano 1 (R$ 0) e o valor utilizado no mesmo ano (R$ 12798150).
check_limite_plurianual;A uo 1441 está com uma diferença de R$ -172313737 entre o valor de limite no ano 1 (R$ 0) e o valor utilizado no mesmo ano (R$ 172313737).
check_limite_plurianual;A uo 1441 está com uma diferença de R$ -751241000 entre o valor de limite no ano 1 (R$ 0) e o valor utilizado no mesmo ano (R$ 751241000).
check_limite_plurianual;A uo 1441 está com uma diferença de R$ -33299180 entre o valor de limite no ano 1 (R$ 0) e o valor utilizado no mesmo ano (R$ 33299180).
check_limite_plurianual;A uo 2101 está com uma diferença de R$ 153828 entre o valor de limite no ano 1 (R$ 153828) e o valor utilizado no mesmo ano (R$ 0).
check_objetivos_estrategicos_exists;O programa 704 está sem objetivo estratégico válido na base programas-planejamento (3-Não há objetivo estratégico vinculado.). Cada programa precisa ter pelo menos um objetivo estratégico.
check_objetivos_estrategicos_exists;O programa 706 está sem objetivo estratégico válido na base programas-planejamento (3-Não há objetivo estratégico vinculado.). Cada programa precisa ter pelo menos um objetivo estratégico.
check_objetivos_estrategicos_exists;O programa 726 está sem objetivo estratégico válido na base programas-planejamento (3-Não há objetivo estratégico vinculado.). Cada programa precisa ter pelo menos um objetivo estratégico.
check_objetivos_estrategicos_exists;O programa 729 está sem objetivo estratégico válido na base programas-planejamento (3-Não há objetivo estratégico vinculado.). Cada programa precisa ter pelo menos um objetivo estratégico.
check_objetivos_estrategicos_exists;O programa 734 está sem objetivo estratégico válido na base programas-planejamento (3-Não há objetivo estratégico vinculado.). Cada programa precisa ter pelo menos um objetivo estratégico.
check_objetivos_estrategicos_exists;O programa 738 está sem objetivo estratégico válido na base programas-planejamento (3-Não há objetivo estratégico vinculado.). Cada programa precisa ter pelo menos um objetivo estratégico.
check_objetivos_estrategicos_exists;O programa 746 está sem objetivo estratégico válido na base programas-planejamento (3-Não há objetivo estratégico vinculado.). Cada programa precisa ter pelo menos um objetivo estratégico.
check_objetivos_estrategicos_exists;O programa 760 está sem objetivo estratégico válido na base programas-planejamento (3-Não há objetivo estratégico vinculado.). Cada programa precisa ter pelo menos um objetivo estratégico.
check_objetivos_estrategicos_exists;O programa 764 está sem objetivo estratégico válido na base programas-planejamento (3-Não há objetivo estratégico vinculado.). Cada programa precisa ter pelo menos um objetivo estratégico.
check_objetivos_estrategicos_exists;O programa 765 está sem objetivo estratégico válido na base programas-planejamento (3-Não há objetivo estratégico vinculado.). Cada programa precisa ter pelo menos um objetivo estratégico.
check_objetivos_estrategicos_exists;O programa 766 está sem objetivo estratégico válido na base programas-planejamento (3-Não há objetivo estratégico vinculado.). Cada programa precisa ter pelo menos um objetivo estratégico.
check_objetivos_estrategicos_exists;O programa 767 está sem objetivo estratégico válido na base programas-planejamento (3-Não há objetivo estratégico vinculado.). Cada programa precisa ter pelo menos um objetivo estratégico.
check_ods_exists;O programa 8 está sem objetivo de desenvolvimento estratégico definido.
check_ods_exists;O programa 126 está sem objetivo de desenvolvimento estratégico definido.
check_ods_exists;O programa 138 está sem objetivo de desenvolvimento estratégico definido.
check_ods_exists;O programa 142 está sem objetivo de desenvolvimento estratégico definido.
check_setor_governo;A uo 1917 está com setor divergente na base ações-planejamento (NA) em relação à tabela auxiliar setor-governo da loa (FAZENDA).
check_setor_governo;A uo 4531 está com setor divergente na base ações-planejamento (NA) em relação à tabela auxiliar setor-governo da loa (DESENVOLVIMENTO ECONÔMICO).
check_valores_qdd_fiscal;A uo 1071, programa 48, ação 1089, função 6, subfunção 182 está com valor na base qdd-fiscal (R$ 651.000,00) diferente da base ações-planejamento (R$ 1.000,00). Diferença de R$ 650000.
check_valores_qdd_fiscal;A uo 1071, programa 48, ação 4155, função 6, subfunção 182 está com valor na base qdd-fiscal (R$ 1.977.300,00) diferente da base ações-planejamento (R$ 231.000,00). Diferença de R$ 1746300.
check_valores_qdd_fiscal;A uo 1221, programa 132, ação 1073, função 23, subfunção 691 está com valor na base qdd-fiscal (R$ 863.566,00) diferente da base ações-planejamento (R$ 763.566,00). Diferença de R$ 1e+05.
check_valores_qdd_fiscal;A uo 1221, programa 132, ação 4474, função 23, subfunção 691 está com valor na base qdd-fiscal (R$ 991.836,00) diferente da base ações-planejamento (R$ 491.836,00). Diferença de R$ 5e+05.
check_valores_qdd_fiscal;A uo 1231, programa 108, ação 4358, função 20, subfunção 608 está com valor na base qdd-fiscal (R$ 1.015.000,00) diferente da base ações-planejamento (R$ 15.000,00). Diferença de R$ 1e+06.
check_valores_qdd_fiscal;A uo 1231, programa 108, ação 4361, função 20, subfunção 608 está com valor na base qdd-fiscal (R$ 1.060.000,00) diferente da base ações-planejamento (R$ 60.000,00). Diferença de R$ 1e+06.
check_valores_qdd_fiscal;A uo 1231, programa 110, ação 4363, função 21, subfunção 605 está com valor na base qdd-fiscal (R$ 5.635.611,00) diferente da base ações-planejamento (R$ 4.877.243,00). Diferença de R$ 758368.
check_valores_qdd_fiscal;A uo 1231, programa 111, ação 4383, função 20, subfunção 608 está com valor na base qdd-fiscal (R$ 3.920.000,00) diferente da base ações-planejamento (R$ 20.000,00). Diferença de R$ 3900000.
check_valores_qdd_fiscal;A uo 1231, programa 111, ação 4420, função 20, subfunção 608 está com valor na base qdd-fiscal (R$ 58.080.294,00) diferente da base ações-planejamento (R$ 26.187.334,00). Diferença de R$ 31892960.
check_valores_qdd_fiscal;A uo 1231, programa 114, ação 4396, função 20, subfunção 608 está com valor na base qdd-fiscal (R$ 3.160.000,00) diferente da base ações-planejamento (R$ 3.010.000,00). Diferença de R$ 150000.
check_valores_qdd_fiscal;A uo 1231, programa 114, ação 4398, função 20, subfunção 607 está com valor na base qdd-fiscal (R$ 2.506.808,00) diferente da base ações-planejamento (R$ 798.440,00). Diferença de R$ 1708368.
check_valores_qdd_fiscal;A uo 1231, programa 114, ação 4419, função 20, subfunção 127 está com valor na base qdd-fiscal (R$ 42.548.334,00) diferente da base ações-planejamento (R$ 40.048.334,00). Diferença de R$ 2500000.
check_valores_qdd_fiscal;A uo 1251, programa 137, ação 4365, função 6, subfunção 181 está com valor na base qdd-fiscal (R$ 5.148.308.090,00) diferente da base ações-planejamento (R$ 5.147.178.090,00). Diferença de R$ 1130000.
check_valores_qdd_fiscal;A uo 1251, programa 137, ação 4366, função 6, subfunção 181 está com valor na base qdd-fiscal (R$ 35.014.383,00) diferente da base ações-planejamento (R$ 1.000,00). Diferença de R$ 35013383.
check_valores_qdd_fiscal;A uo 1261, programa 167, ação 2122, função 12, subfunção 361 está com valor na base qdd-fiscal (R$ 61.000.000,00) diferente da base ações-planejamento (R$ 60.000.000,00). Diferença de R$ 1e+06.
check_valores_qdd_fiscal;A uo 1261, programa 167, ação 4511, função 12, subfunção 362 está com valor na base qdd-fiscal (R$ 63.160.000,00) diferente da base ações-planejamento (R$ 59.500.000,00). Diferença de R$ 3660000.
check_valores_qdd_fiscal;A uo 1261, programa 168, ação 2126, função 12, subfunção 368 está com valor na base qdd-fiscal (R$ 346.211.842,00) diferente da base ações-planejamento (R$ 251.393.377,00). Diferença de R$ 94818465.
check_valores_qdd_fiscal;A uo 1261, programa 168, ação 4510, função 12, subfunção 368 está com valor na base qdd-fiscal (R$ 30.240.000,00) diferente da base ações-planejamento (R$ 29.500.000,00). Diferença de R$ 740000.
check_valores_qdd_fiscal;A uo 1261, programa 168, ação 4519, função 12, subfunção 368 está com valor na base qdd-fiscal (R$ 293.773.081,00) diferente da base ações-planejamento (R$ 292.514.713,00). Diferença de R$ 1258368.
check_valores_qdd_fiscal;A uo 1261, programa 168, ação 4524, função 12, subfunção 368 está com valor na base qdd-fiscal (R$ 205.700.000,00) diferente da base ações-planejamento (R$ 200.000.000,00). Diferença de R$ 5700000.
check_valores_qdd_fiscal;A uo 1261, programa 172, ação 4545, função 12, subfunção 361 está com valor na base qdd-fiscal (R$ 201.000.000,00) diferente da base ações-planejamento (R$ 200.000.000,00). Diferença de R$ 1e+06.
check_valores_qdd_fiscal;A uo 1271, programa 100, ação 4479, função 23, subfunção 695 está com valor na base qdd-fiscal (R$ 1.117.829,00) diferente da base ações-planejamento (R$ 117.829,00). Diferença de R$ 1e+06.
check_valores_qdd_fiscal;A uo 1271, programa 102, ação 4331, função 13, subfunção 392 está com valor na base qdd-fiscal (R$ 220.335,00) diferente da base ações-planejamento (R$ 219.335,00). Diferença de R$ 1000.
check_valores_qdd_fiscal;A uo 1271, programa 102, ação 4332, função 13, subfunção 392 está com valor na base qdd-fiscal (R$ 75.631.284,00) diferente da base ações-planejamento (R$ 34.973.986,00). Diferença de R$ 40657298.
check_valores_qdd_fiscal;A uo 1271, programa 103, ação 4322, função 13, subfunção 392 está com valor na base qdd-fiscal (R$ 10.236.670,00) diferente da base ações-planejamento (R$ 9.836.670,00). Diferença de R$ 4e+05.
check_valores_qdd_fiscal;A uo 1301, programa 99, ação 4262, função 15, subfunção 451 está com valor na base qdd-fiscal (R$ 120.455.536,00) diferente da base ações-planejamento (R$ 107.995.168,00). Diferença de R$ 12460368.
check_valores_qdd_fiscal;A uo 1301, programa 117, ação 4290, função 26, subfunção 453 está com valor na base qdd-fiscal (R$ 128.113.451,00) diferente da base ações-planejamento (R$ 128.112.451,00). Diferença de R$ 1000.
check_valores_qdd_fiscal;A uo 1301, programa 117, ação 4291, função 26, subfunção 572 está com valor na base qdd-fiscal (R$ 161.000,00) diferente da base ações-planejamento (R$ 1.000,00). Diferença de R$ 160000.
check_valores_qdd_fiscal;A uo 1371, programa 21, ação 4028, função 17, subfunção 512 está com valor na base qdd-fiscal (R$ 85.038.890,00) diferente da base ações-planejamento (R$ 82.888.890,00). Diferença de R$ 2150000.
check_valores_qdd_fiscal;A uo 1371, programa 21, ação 4037, função 17, subfunção 512 está com valor na base qdd-fiscal (R$ 17.380.960,00) diferente da base ações-planejamento (R$ 16.209.960,00). Diferença de R$ 1171000.
check_valores_qdd_fiscal;A uo 1371, programa 21, ação 4044, função 17, subfunção 512 está com valor na base qdd-fiscal (R$ 3.644.614,00) diferente da base ações-planejamento (R$ 3.643.614,00). Diferença de R$ 1000.
check_valores_qdd_fiscal;A uo 1371, programa 25, ação 4038, função 18, subfunção 542 está com valor na base qdd-fiscal (R$ 17.337.023,00) diferente da base ações-planejamento (R$ 17.336.023,00). Diferença de R$ 1000.
check_valores_qdd_fiscal;A uo 1371, programa 25, ação 4039, função 18, subfunção 542 está com valor na base qdd-fiscal (R$ 8.740,00) diferente da base ações-planejamento (R$ 7.740,00). Diferença de R$ 1000.
check_valores_qdd_fiscal;A uo 1371, programa 25, ação 4040, função 18, subfunção 542 está com valor na base qdd-fiscal (R$ 57.026,00) diferente da base ações-planejamento (R$ 56.026,00). Diferença de R$ 1000.
check_valores_qdd_fiscal;A uo 1371, programa 25, ação 4053, função 18, subfunção 542 está com valor na base qdd-fiscal (R$ 2.243.223,00) diferente da base ações-planejamento (R$ 2.242.223,00). Diferença de R$ 1000.
check_valores_qdd_fiscal;A uo 1371, programa 27, ação 4045, função 18, subfunção 541 está com valor na base qdd-fiscal (R$ 581.295,00) diferente da base ações-planejamento (R$ 500.295,00). Diferença de R$ 81000.
check_valores_qdd_fiscal;A uo 1371, programa 27, ação 4046, função 18, subfunção 541 está com valor na base qdd-fiscal (R$ 3.287.860,00) diferente da base ações-planejamento (R$ 2.786.860,00). Diferença de R$ 501000.
check_valores_qdd_fiscal;A uo 1371, programa 27, ação 4047, função 18, subfunção 541 está com valor na base qdd-fiscal (R$ 29.674.157,00) diferente da base ações-planejamento (R$ 2.683.716,00). Diferença de R$ 26990441.
check_valores_qdd_fiscal;A uo 1401, programa 52, ação 4114, função 6, subfunção 182 está com valor na base qdd-fiscal (R$ 435.647.200,00) diferente da base ações-planejamento (R$ 427.296.200,00). Diferença de R$ 8351000.
check_valores_qdd_fiscal;A uo 1401, programa 52, ação 4120, função 6, subfunção 182 está com valor na base qdd-fiscal (R$ 29.355.523,00) diferente da base ações-planejamento (R$ 26.585.523,00). Diferença de R$ 2770000.
check_valores_qdd_fiscal;A uo 1401, programa 53, ação 4094, função 10, subfunção 302 está com valor na base qdd-fiscal (R$ 8.485.000,00) diferente da base ações-planejamento (R$ 885.000,00). Diferença de R$ 7600000.
check_valores_qdd_fiscal;A uo 1451, programa 129, ação 4344, função 6, subfunção 421 está com valor na base qdd-fiscal (R$ 47.945.285,00) diferente da base ações-planejamento (R$ 47.745.285,00). Diferença de R$ 2e+05.
check_valores_qdd_fiscal;A uo 1451, programa 130, ação 1048, função 6, subfunção 421 está com valor na base qdd-fiscal (R$ 76.059.026,00) diferente da base ações-planejamento (R$ 71.460.125,00). Diferença de R$ 4598901.
check_valores_qdd_fiscal;A uo 1451, programa 130, ação 4351, função 6, subfunção 421 está com valor na base qdd-fiscal (R$ 121.567.816,00) diferente da base ações-planejamento (R$ 121.297.816,00). Diferença de R$ 270000.
check_valores_qdd_fiscal;A uo 1451, programa 141, ação 4437, função 10, subfunção 422 está com valor na base qdd-fiscal (R$ 12.729.968,00) diferente da base ações-planejamento (R$ 11.729.968,00). Diferença de R$ 1e+06.
check_valores_qdd_fiscal;A uo 1451, programa 146, ação 4441, função 6, subfunção 243 está com valor na base qdd-fiscal (R$ 64.031.428,00) diferente da base ações-planejamento (R$ 63.519.428,00). Diferença de R$ 512000.
check_valores_qdd_fiscal;A uo 1481, programa 66, ação 4153, função 11, subfunção 334 está com valor na base qdd-fiscal (R$ 6.583.235,00) diferente da base ações-planejamento (R$ 6.333.235,00). Diferença de R$ 250000.
check_valores_qdd_fiscal;A uo 1481, programa 66, ação 4154, função 11, subfunção 334 está com valor na base qdd-fiscal (R$ 11.549.906,00) diferente da base ações-planejamento (R$ 11.209.906,00). Diferença de R$ 340000.
check_valores_qdd_fiscal;A uo 1481, programa 66, ação 4157, função 11, subfunção 334 está com valor na base qdd-fiscal (R$ 242.159,00) diferente da base ações-planejamento (R$ 42.159,00). Diferença de R$ 2e+05.
check_valores_qdd_fiscal;A uo 1481, programa 67, ação 4158, função 11, subfunção 363 está com valor na base qdd-fiscal (R$ 20.623.543,00) diferente da base ações-planejamento (R$ 2.134.632,00). Diferença de R$ 18488911.
check_valores_qdd_fiscal;A uo 1481, programa 69, ação 4170, função 27, subfunção 812 está com valor na base qdd-fiscal (R$ 12.557.334,00) diferente da base ações-planejamento (R$ 19.934,00). Diferença de R$ 12537400.
check_valores_qdd_fiscal;A uo 1481, programa 70, ação 4174, função 14, subfunção 422 está com valor na base qdd-fiscal (R$ 10.921.286,00) diferente da base ações-planejamento (R$ 262.918,00). Diferença de R$ 10658368.
check_valores_qdd_fiscal;A uo 1481, programa 73, ação 4184, função 16, subfunção 122 está com valor na base qdd-fiscal (R$ 379.720,00) diferente da base ações-planejamento (R$ 79.720,00). Diferença de R$ 3e+05.
check_valores_qdd_fiscal;A uo 1481, programa 74, ação 4196, função 14, subfunção 306 está com valor na base qdd-fiscal (R$ 2.264.596,00) diferente da base ações-planejamento (R$ 664.596,00). Diferença de R$ 1600000.
check_valores_qdd_fiscal;A uo 1481, programa 86, ação 4414, função 14, subfunção 422 está com valor na base qdd-fiscal (R$ 6.206.010,00) diferente da base ações-planejamento (R$ 3.997.642,00). Diferença de R$ 2208368.
check_valores_qdd_fiscal;A uo 1481, programa 86, ação 4415, função 14, subfunção 422 está com valor na base qdd-fiscal (R$ 7.951.751,00) diferente da base ações-planejamento (R$ 3.951.751,00). Diferença de R$ 4e+06.
check_valores_qdd_fiscal;A uo 1481, programa 148, ação 2079, função 4, subfunção 122 está com valor na base qdd-fiscal (R$ 156.908.306,00) diferente da base ações-planejamento (R$ 45.477.789,00). Diferença de R$ 111430517.
check_valores_qdd_fiscal;A uo 1491, programa 119, ação 2045, função 4, subfunção 122 está com valor na base qdd-fiscal (R$ 411.453.482,00) diferente da base ações-planejamento (R$ 353.159.782,00). Diferença de R$ 58293700.
check_valores_qdd_fiscal;A uo 1491, programa 119, ação 2046, função 4, subfunção 122 está com valor na base qdd-fiscal (R$ 0,00) diferente da base ações-planejamento (R$ 25.000.000,00). Diferença de R$ -2.5e+07.
check_valores_qdd_fiscal;A uo 1491, programa 119, ação 2048, função 4, subfunção 122 está com valor na base qdd-fiscal (R$ 602.919.381,00) diferente da base ações-planejamento (R$ 1.000,00). Diferença de R$ 602918381.
check_valores_qdd_fiscal;A uo 1491, programa 122, ação 2138, função 4, subfunção 122 está com valor na base qdd-fiscal (R$ 63,00) diferente da base ações-planejamento (R$ 1.253.257.625,00). Diferença de R$ -1253257562.
check_valores_qdd_fiscal;A uo 1491, programa 705, ação 2500, função 4, subfunção 122 está com valor na base qdd-fiscal (R$ 13.495.435,00) diferente da base ações-planejamento (R$ 11.995.435,00). Diferença de R$ 1500000.
check_valores_qdd_fiscal;A uo 1511, programa 32, ação 1006, função 6, subfunção 181 está com valor na base qdd-fiscal (R$ 901.000,00) diferente da base ações-planejamento (R$ 601.000,00). Diferença de R$ 3e+05.
check_valores_qdd_fiscal;A uo 1511, programa 32, ação 1007, função 6, subfunção 181 está com valor na base qdd-fiscal (R$ 20.970.219,00) diferente da base ações-planejamento (R$ 1.000,00). Diferença de R$ 20969219.
check_valores_qdd_fiscal;A uo 1511, programa 32, ação 4060, função 6, subfunção 181 está com valor na base qdd-fiscal (R$ 176.165.737,00) diferente da base ações-planejamento (R$ 173.015.737,00). Diferença de R$ 3150000.
check_valores_qdd_fiscal;A uo 1511, programa 32, ação 4061, função 6, subfunção 181 está com valor na base qdd-fiscal (R$ 21.093.254,00) diferente da base ações-planejamento (R$ 20.003.254,00). Diferença de R$ 1090000.
check_valores_qdd_fiscal;A uo 2071, programa 22, ação 4513, função 19, subfunção 571 está com valor na base qdd-fiscal (R$ 170.832.663,00) diferente da base ações-planejamento (R$ 170.332.663,00). Diferença de R$ 5e+05.
check_valores_qdd_fiscal;A uo 2091, programa 40, ação 4070, função 18, subfunção 543 está com valor na base qdd-fiscal (R$ 5.589.191,00) diferente da base ações-planejamento (R$ 5.588.191,00). Diferença de R$ 1000.
check_valores_qdd_fiscal;A uo 2091, programa 41, ação 4071, função 18, subfunção 542 está com valor na base qdd-fiscal (R$ 2.446.374,00) diferente da base ações-planejamento (R$ 2.445.374,00). Diferença de R$ 1000.
check_valores_qdd_fiscal;A uo 2091, programa 41, ação 4072, função 18, subfunção 542 está com valor na base qdd-fiscal (R$ 123.383,00) diferente da base ações-planejamento (R$ 122.383,00). Diferença de R$ 1000.
check_valores_qdd_fiscal;A uo 2101, programa 31, ação 4054, função 18, subfunção 541 está com valor na base qdd-fiscal (R$ 1.013.407,00) diferente da base ações-planejamento (R$ 1.012.407,00). Diferença de R$ 1000.
check_valores_qdd_fiscal;A uo 2101, programa 31, ação 4056, função 18, subfunção 543 está com valor na base qdd-fiscal (R$ 4.839.918,00) diferente da base ações-planejamento (R$ 4.838.918,00). Diferença de R$ 1000.
check_valores_qdd_fiscal;A uo 2101, programa 31, ação 4058, função 18, subfunção 541 está com valor na base qdd-fiscal (R$ 4.833.751,00) diferente da base ações-planejamento (R$ 4.032.751,00). Diferença de R$ 801000.
check_valores_qdd_fiscal;A uo 2101, programa 31, ação 4059, função 18, subfunção 541 está com valor na base qdd-fiscal (R$ 245.219.250,00) diferente da base ações-planejamento (R$ 243.818.250,00). Diferença de R$ 1401000.
check_valores_qdd_fiscal;A uo 2101, programa 31, ação 4500, função 18, subfunção 541 está com valor na base qdd-fiscal (R$ 16.151.000,00) diferente da base ações-planejamento (R$ 16.150.000,00). Diferença de R$ 1000.
check_valores_qdd_fiscal;A uo 2151, programa 51, ação 4092, função 12, subfunção 244 está com valor na base qdd-fiscal (R$ 320.000,00) diferente da base ações-planejamento (R$ 20.000,00). Diferença de R$ 3e+05.
check_valores_qdd_fiscal;A uo 2201, programa 106, ação 4276, função 13, subfunção 391 está com valor na base qdd-fiscal (R$ 641.962,00) diferente da base ações-planejamento (R$ 41.962,00). Diferença de R$ 6e+05.
check_valores_qdd_fiscal;A uo 2241, programa 65, ação 4187, função 18, subfunção 544 está com valor na base qdd-fiscal (R$ 328.814,00) diferente da base ações-planejamento (R$ 327.814,00). Diferença de R$ 1000.
check_valores_qdd_fiscal;A uo 2241, programa 65, ação 4190, função 18, subfunção 544 está com valor na base qdd-fiscal (R$ 827.678,00) diferente da base ações-planejamento (R$ 826.678,00). Diferença de R$ 1000.
check_valores_qdd_fiscal;A uo 2241, programa 65, ação 4191, função 18, subfunção 544 está com valor na base qdd-fiscal (R$ 9.867.968,00) diferente da base ações-planejamento (R$ 9.866.968,00). Diferença de R$ 1000.
check_valores_qdd_fiscal;A uo 2241, programa 65, ação 4194, função 18, subfunção 544 está com valor na base qdd-fiscal (R$ 403.310,00) diferente da base ações-planejamento (R$ 402.310,00). Diferença de R$ 1000.
check_valores_qdd_fiscal;A uo 2241, programa 65, ação 4195, função 18, subfunção 544 está com valor na base qdd-fiscal (R$ 4.735.453,00) diferente da base ações-planejamento (R$ 4.734.453,00). Diferença de R$ 1000.
check_valores_qdd_fiscal;A uo 2301, programa 81, ação 4268, função 26, subfunção 782 está com valor na base qdd-fiscal (R$ 84.683.394,00) diferente da base ações-planejamento (R$ 84.681.394,00). Diferença de R$ 2000.
check_valores_qdd_fiscal;A uo 2301, programa 81, ação 4275, função 26, subfunção 782 está com valor na base qdd-fiscal (R$ 92.804.710,00) diferente da base ações-planejamento (R$ 92.801.710,00). Diferença de R$ 3000.
check_valores_qdd_fiscal;A uo 2311, programa 7, ação 4002, função 12, subfunção 364 está com valor na base qdd-fiscal (R$ 2.705.147,00) diferente da base ações-planejamento (R$ 2.205.147,00). Diferença de R$ 5e+05.
check_valores_qdd_fiscal;A uo 2311, programa 7, ação 4004, função 12, subfunção 364 está com valor na base qdd-fiscal (R$ 1.572.818,00) diferente da base ações-planejamento (R$ 572.818,00). Diferença de R$ 1e+06.
check_valores_qdd_fiscal;A uo 2311, programa 7, ação 4005, função 12, subfunção 364 está com valor na base qdd-fiscal (R$ 4.960.146,00) diferente da base ações-planejamento (R$ 4.710.146,00). Diferença de R$ 250000.
check_valores_qdd_fiscal;A uo 2311, programa 705, ação 2500, função 12, subfunção 122 está com valor na base qdd-fiscal (R$ 9.489.522,00) diferente da base ações-planejamento (R$ 9.189.522,00). Diferença de R$ 3e+05.
check_valores_qdd_fiscal;A uo 2321, programa 87, ação 4222, função 10, subfunção 302 está com valor na base qdd-fiscal (R$ 43.337.263,00) diferente da base ações-planejamento (R$ 42.586.263,00). Diferença de R$ 751000.
check_valores_qdd_fiscal;A uo 2351, programa 26, ação 4086, função 12, subfunção 364 está com valor na base qdd-fiscal (R$ 111.682.271,00) diferente da base ações-planejamento (R$ 111.111.271,00). Diferença de R$ 571000.
check_valores_qdd_fiscal;A uo 2351, programa 26, ação 4089, função 12, subfunção 364 está com valor na base qdd-fiscal (R$ 10.040.974,00) diferente da base ações-planejamento (R$ 8.540.974,00). Diferença de R$ 1500000.
check_valores_qdd_fiscal;A uo 2351, programa 26, ação 4090, função 12, subfunção 364 está com valor na base qdd-fiscal (R$ 28.092.122,00) diferente da base ações-planejamento (R$ 27.522.122,00). Diferença de R$ 570000.
check_valores_qdd_fiscal;A uo 2421, programa 56, ação 1025, função 17, subfunção 511 está com valor na base qdd-fiscal (R$ 7.454.532,00) diferente da base ações-planejamento (R$ 1.594.532,00). Diferença de R$ 5860000.
check_valores_qdd_fiscal;A uo 2421, programa 56, ação 1028, função 17, subfunção 511 está com valor na base qdd-fiscal (R$ 15.899.359,00) diferente da base ações-planejamento (R$ 14.118.359,00). Diferença de R$ 1781000.
check_valores_qdd_fiscal;A uo 2421, programa 124, ação 4323, função 20, subfunção 608 está com valor na base qdd-fiscal (R$ 1.355.000,00) diferente da base ações-planejamento (R$ 855.000,00). Diferença de R$ 5e+05.
check_valores_qdd_fiscal;A uo 2421, programa 124, ação 4325, função 20, subfunção 608 está com valor na base qdd-fiscal (R$ 1.893.601,00) diferente da base ações-planejamento (R$ 1.443.601,00). Diferença de R$ 450000.
check_valores_qdd_fiscal;A uo 2421, programa 124, ação 4516, função 20, subfunção 608 está com valor na base qdd-fiscal (R$ 17.192.238,00) diferente da base ações-planejamento (R$ 15.322.238,00). Diferença de R$ 1870000.
check_valores_qdd_fiscal;A uo 2421, programa 705, ação 2500, função 20, subfunção 122 está com valor na base qdd-fiscal (R$ 15.690.874,00) diferente da base ações-planejamento (R$ 14.690.874,00). Diferença de R$ 1e+06.
check_valores_qdd_fiscal;A uo 3041, programa 90, ação 4235, função 20, subfunção 606 está com valor na base qdd-fiscal (R$ 157.279.571,00) diferente da base ações-planejamento (R$ 156.609.571,00). Diferença de R$ 670000.
check_valores_qdd_fiscal;A uo 3041, programa 97, ação 4236, função 20, subfunção 608 está com valor na base qdd-fiscal (R$ 23.856.500,00) diferente da base ações-planejamento (R$ 15.000,00). Diferença de R$ 23841500.
check_valores_qdd_fiscal;A uo 3051, programa 16, ação 4018, função 19, subfunção 571 está com valor na base qdd-fiscal (R$ 28.015.100,00) diferente da base ações-planejamento (R$ 27.415.100,00). Diferença de R$ 6e+05.
check_valores_qdd_fiscal;A uo 4251, programa 71, ação 2074, função 8, subfunção 244 está com valor na base qdd-fiscal (R$ 4.153.000,00) diferente da base ações-planejamento (R$ 103.000,00). Diferença de R$ 4050000.
check_valores_qdd_fiscal;A uo 4291, programa 58, ação 4121, função 10, subfunção 302 está com valor na base qdd-fiscal (R$ 2.384.340.642,00) diferente da base ações-planejamento (R$ 2.157.617.240,00). Diferença de R$ 226723402.
check_valores_qdd_fiscal;A uo 4291, programa 58, ação 4122, função 10, subfunção 302 está com valor na base qdd-fiscal (R$ 300.966.357,00) diferente da base ações-planejamento (R$ 299.266.357,00). Diferença de R$ 1700000.
check_valores_qdd_fiscal;A uo 4291, programa 58, ação 4123, função 10, subfunção 302 está com valor na base qdd-fiscal (R$ 332.825.671,00) diferente da base ações-planejamento (R$ 282.368.960,00). Diferença de R$ 50456711.
check_valores_qdd_fiscal;A uo 4291, programa 60, ação 4125, função 10, subfunção 301 está com valor na base qdd-fiscal (R$ 864.488.132,00) diferente da base ações-planejamento (R$ 550.337.363,00). Diferença de R$ 314150769.
check_valores_qdd_fiscal;A uo 4291, programa 60, ação 4126, função 10, subfunção 301 está com valor na base qdd-fiscal (R$ 120.375.831,00) diferente da base ações-planejamento (R$ 119.835.831,00). Diferença de R$ 540000.
check_valores_qdd_fiscal;A uo 4291, programa 60, ação 4127, função 10, subfunção 301 está com valor na base qdd-fiscal (R$ 485.493.730,00) diferente da base ações-planejamento (R$ 200.171.350,00). Diferença de R$ 285322380.
check_valores_qdd_fiscal;A uo 4291, programa 61, ação 4129, função 10, subfunção 242 está com valor na base qdd-fiscal (R$ 195.117.937,00) diferente da base ações-planejamento (R$ 175.461.080,00). Diferença de R$ 19656857.
check_valores_qdd_fiscal;A uo 4291, programa 61, ação 4130, função 10, subfunção 302 está com valor na base qdd-fiscal (R$ 131.751.290,00) diferente da base ações-planejamento (R$ 129.211.290,00). Diferença de R$ 2540000.
check_valores_qdd_fiscal;A uo 4291, programa 61, ação 4131, função 10, subfunção 302 está com valor na base qdd-fiscal (R$ 372.383.003,00) diferente da base ações-planejamento (R$ 355.924.634,00). Diferença de R$ 16458369.
check_valores_qdd_fiscal;A uo 4291, programa 62, ação 4134, função 10, subfunção 302 está com valor na base qdd-fiscal (R$ 67.884.170,00) diferente da base ações-planejamento (R$ 55.925.801,00). Diferença de R$ 11958369.
check_valores_qdd_fiscal;A uo 4291, programa 62, ação 4135, função 10, subfunção 302 está com valor na base qdd-fiscal (R$ 126.631.842,00) diferente da base ações-planejamento (R$ 110.177.775,00). Diferença de R$ 16454067.
check_valores_qdd_fiscal;A uo 4291, programa 62, ação 4136, função 10, subfunção 302 está com valor na base qdd-fiscal (R$ 542.728.177,00) diferente da base ações-planejamento (R$ 540.679.608,00). Diferença de R$ 2048569.
check_valores_qdd_fiscal;A uo 4291, programa 705, ação 2087, função 10, subfunção 122 está com valor na base qdd-fiscal (R$ 0,00) diferente da base ações-planejamento (R$ 920.794.395,00). Diferença de R$ -920794395.
check_valores_qdd_fiscal;A uo 4291, programa 705, ação 2500, função 10, subfunção 122 está com valor na base qdd-fiscal (R$ 186.040.243,00) diferente da base ações-planejamento (R$ 136.021.363,00). Diferença de R$ 50018880.
check_valores_qdd_plurianual;A uo 1071, programa 48, ação 1089, função 6, subfunção 182 está com valor do ano 0, base qdd-plurianual (R$ 651.000,00) diferente da base ações-planejamento (R$ 1.000,00). Diferença de R$ 650000.
check_valores_qdd_plurianual;A uo 1071, programa 48, ação 4155, função 6, subfunção 182 está com valor do ano 0, base qdd-plurianual (R$ 1.977.300,00) diferente da base ações-planejamento (R$ 231.000,00). Diferença de R$ 1746300.
check_valores_qdd_plurianual;A uo 1221, programa 132, ação 1073, função 23, subfunção 691 está com valor do ano 0, base qdd-plurianual (R$ 863.566,00) diferente da base ações-planejamento (R$ 763.566,00). Diferença de R$ 1e+05.
check_valores_qdd_plurianual;A uo 1221, programa 132, ação 4474, função 23, subfunção 691 está com valor do ano 0, base qdd-plurianual (R$ 991.836,00) diferente da base ações-planejamento (R$ 491.836,00). Diferença de R$ 5e+05.
check_valores_qdd_plurianual;A uo 1231, programa 108, ação 4358, função 20, subfunção 608 está com valor do ano 0, base qdd-plurianual (R$ 1.015.000,00) diferente da base ações-planejamento (R$ 15.000,00). Diferença de R$ 1e+06.
check_valores_qdd_plurianual;A uo 1231, programa 108, ação 4361, função 20, subfunção 608 está com valor do ano 0, base qdd-plurianual (R$ 1.060.000,00) diferente da base ações-planejamento (R$ 60.000,00). Diferença de R$ 1e+06.
check_valores_qdd_plurianual;A uo 1231, programa 110, ação 4363, função 21, subfunção 605 está com valor do ano 0, base qdd-plurianual (R$ 5.635.611,00) diferente da base ações-planejamento (R$ 4.877.243,00). Diferença de R$ 758368.
check_valores_qdd_plurianual;A uo 1231, programa 111, ação 4383, função 20, subfunção 608 está com valor do ano 0, base qdd-plurianual (R$ 3.920.000,00) diferente da base ações-planejamento (R$ 20.000,00). Diferença de R$ 3900000.
check_valores_qdd_plurianual;A uo 1231, programa 111, ação 4420, função 20, subfunção 608 está com valor do ano 0, base qdd-plurianual (R$ 58.080.294,00) diferente da base ações-planejamento (R$ 26.187.334,00). Diferença de R$ 31892960.
check_valores_qdd_plurianual;A uo 1231, programa 114, ação 4396, função 20, subfunção 608 está com valor do ano 0, base qdd-plurianual (R$ 3.160.000,00) diferente da base ações-planejamento (R$ 3.010.000,00). Diferença de R$ 150000.
check_valores_qdd_plurianual;A uo 1231, programa 114, ação 4398, função 20, subfunção 607 está com valor do ano 0, base qdd-plurianual (R$ 2.506.808,00) diferente da base ações-planejamento (R$ 798.440,00). Diferença de R$ 1708368.
check_valores_qdd_plurianual;A uo 1231, programa 114, ação 4419, função 20, subfunção 127 está com valor do ano 0, base qdd-plurianual (R$ 42.548.334,00) diferente da base ações-planejamento (R$ 40.048.334,00). Diferença de R$ 2500000.
check_valores_qdd_plurianual;A uo 1401, programa 52, ação 4114, função 6, subfunção 182 está com valor do ano 0, base qdd-plurianual (R$ 435.647.200,00) diferente da base ações-planejamento (R$ 427.296.200,00). Diferença de R$ 8351000.
check_valores_qdd_plurianual;A uo 1401, programa 52, ação 4120, função 6, subfunção 182 está com valor do ano 0, base qdd-plurianual (R$ 29.355.523,00) diferente da base ações-planejamento (R$ 26.585.523,00). Diferença de R$ 2770000.
check_valores_qdd_plurianual;A uo 1401, programa 53, ação 4094, função 10, subfunção 302 está com valor do ano 0, base qdd-plurianual (R$ 8.485.000,00) diferente da base ações-planejamento (R$ 885.000,00). Diferença de R$ 7600000.
check_valores_qdd_plurianual;A uo 1451, programa 129, ação 4344, função 6, subfunção 421 está com valor do ano 0, base qdd-plurianual (R$ 47.945.285,00) diferente da base ações-planejamento (R$ 47.745.285,00). Diferença de R$ 2e+05.
check_valores_qdd_plurianual;A uo 1451, programa 130, ação 1048, função 6, subfunção 421 está com valor do ano 0, base qdd-plurianual (R$ 76.059.026,00) diferente da base ações-planejamento (R$ 71.460.125,00). Diferença de R$ 4598901.
check_valores_qdd_plurianual;A uo 1451, programa 130, ação 4351, função 6, subfunção 421 está com valor do ano 0, base qdd-plurianual (R$ 121.567.816,00) diferente da base ações-planejamento (R$ 121.297.816,00). Diferença de R$ 270000.
check_valores_qdd_plurianual;A uo 1451, programa 141, ação 4437, função 10, subfunção 422 está com valor do ano 0, base qdd-plurianual (R$ 12.729.968,00) diferente da base ações-planejamento (R$ 11.729.968,00). Diferença de R$ 1e+06.
check_valores_qdd_plurianual;A uo 1451, programa 146, ação 4441, função 6, subfunção 243 está com valor do ano 0, base qdd-plurianual (R$ 64.031.428,00) diferente da base ações-planejamento (R$ 63.519.428,00). Diferença de R$ 512000.
check_valores_qdd_plurianual;A uo 1491, programa 119, ação 2045, função 4, subfunção 122 está com valor do ano 0, base qdd-plurianual (R$ 411.453.482,00) diferente da base ações-planejamento (R$ 353.159.782,00). Diferença de R$ 58293700.
check_valores_qdd_plurianual;A uo 1491, programa 119, ação 2046, função 4, subfunção 122 está com valor do ano 0, base qdd-plurianual (R$ 0,00) diferente da base ações-planejamento (R$ 25.000.000,00). Diferença de R$ -2.5e+07.
check_valores_qdd_plurianual;A uo 1491, programa 119, ação 2048, função 4, subfunção 122 está com valor do ano 0, base qdd-plurianual (R$ 602.919.381,00) diferente da base ações-planejamento (R$ 1.000,00). Diferença de R$ 602918381.
check_valores_qdd_plurianual;A uo 1491, programa 122, ação 2138, função 4, subfunção 122 está com valor do ano 0, base qdd-plurianual (R$ 63,00) diferente da base ações-planejamento (R$ 1.253.257.625,00). Diferença de R$ -1253257562.
check_valores_qdd_plurianual;A uo 1491, programa 705, ação 2500, função 4, subfunção 122 está com valor do ano 0, base qdd-plurianual (R$ 13.495.435,00) diferente da base ações-planejamento (R$ 11.995.435,00). Diferença de R$ 1500000.
check_valores_qdd_plurianual;A uo 1511, programa 32, ação 1006, função 6, subfunção 181 está com valor do ano 0, base qdd-plurianual (R$ 901.000,00) diferente da base ações-planejamento (R$ 601.000,00). Diferença de R$ 3e+05.
check_valores_qdd_plurianual;A uo 1511, programa 32, ação 1007, função 6, subfunção 181 está com valor do ano 0, base qdd-plurianual (R$ 20.970.219,00) diferente da base ações-planejamento (R$ 1.000,00). Diferença de R$ 20969219.
check_valores_qdd_plurianual;A uo 1511, programa 32, ação 4060, função 6, subfunção 181 está com valor do ano 0, base qdd-plurianual (R$ 176.165.737,00) diferente da base ações-planejamento (R$ 173.015.737,00). Diferença de R$ 3150000.
check_valores_qdd_plurianual;A uo 1511, programa 32, ação 4061, função 6, subfunção 181 está com valor do ano 0, base qdd-plurianual (R$ 21.093.254,00) diferente da base ações-planejamento (R$ 20.003.254,00). Diferença de R$ 1090000.
check_valores_qdd_plurianual;A uo 2421, programa 56, ação 1025, função 17, subfunção 511 está com valor do ano 0, base qdd-plurianual (R$ 7.454.532,00) diferente da base ações-planejamento (R$ 1.594.532,00). Diferença de R$ 5860000.
check_valores_qdd_plurianual;A uo 2421, programa 56, ação 1028, função 17, subfunção 511 está com valor do ano 0, base qdd-plurianual (R$ 15.899.359,00) diferente da base ações-planejamento (R$ 14.118.359,00). Diferença de R$ 1781000.
check_valores_qdd_plurianual;A uo 2421, programa 124, ação 4323, função 20, subfunção 608 está com valor do ano 0, base qdd-plurianual (R$ 1.355.000,00) diferente da base ações-planejamento (R$ 855.000,00). Diferença de R$ 5e+05.
check_valores_qdd_plurianual;A uo 2421, programa 124, ação 4325, função 20, subfunção 608 está com valor do ano 0, base qdd-plurianual (R$ 1.893.601,00) diferente da base ações-planejamento (R$ 1.443.601,00). Diferença de R$ 450000.
check_valores_qdd_plurianual;A uo 2421, programa 124, ação 4516, função 20, subfunção 608 está com valor do ano 0, base qdd-plurianual (R$ 17.192.238,00) diferente da base ações-planejamento (R$ 15.322.238,00). Diferença de R$ 1870000.
check_valores_qdd_plurianual;A uo 2421, programa 705, ação 2500, função 20, subfunção 122 está com valor do ano 0, base qdd-plurianual (R$ 15.690.874,00) diferente da base ações-planejamento (R$ 14.690.874,00). Diferença de R$ 1e+06.
check_valores_qdd_plurianual;A uo 4291, programa 58, ação 4121, função 10, subfunção 302 está com valor do ano 0, base qdd-plurianual (R$ 2.384.340.642,00) diferente da base ações-planejamento (R$ 2.157.617.240,00). Diferença de R$ 226723402.
check_valores_qdd_plurianual;A uo 4291, programa 58, ação 4122, função 10, subfunção 302 está com valor do ano 0, base qdd-plurianual (R$ 300.966.357,00) diferente da base ações-planejamento (R$ 299.266.357,00). Diferença de R$ 1700000.
check_valores_qdd_plurianual;A uo 4291, programa 58, ação 4123, função 10, subfunção 302 está com valor do ano 0, base qdd-plurianual (R$ 332.825.671,00) diferente da base ações-planejamento (R$ 282.368.960,00). Diferença de R$ 50456711.
check_valores_qdd_plurianual;A uo 4291, programa 60, ação 4125, função 10, subfunção 301 está com valor do ano 0, base qdd-plurianual (R$ 864.488.132,00) diferente da base ações-planejamento (R$ 550.337.363,00). Diferença de R$ 314150769.
check_valores_qdd_plurianual;A uo 4291, programa 60, ação 4126, função 10, subfunção 301 está com valor do ano 0, base qdd-plurianual (R$ 120.375.831,00) diferente da base ações-planejamento (R$ 119.835.831,00). Diferença de R$ 540000.
check_valores_qdd_plurianual;A uo 4291, programa 60, ação 4127, função 10, subfunção 301 está com valor do ano 0, base qdd-plurianual (R$ 485.493.730,00) diferente da base ações-planejamento (R$ 200.171.350,00). Diferença de R$ 285322380.
check_valores_qdd_plurianual;A uo 4291, programa 61, ação 4129, função 10, subfunção 242 está com valor do ano 0, base qdd-plurianual (R$ 195.117.937,00) diferente da base ações-planejamento (R$ 175.461.080,00). Diferença de R$ 19656857.
check_valores_qdd_plurianual;A uo 4291, programa 61, ação 4130, função 10, subfunção 302 está com valor do ano 0, base qdd-plurianual (R$ 131.751.290,00) diferente da base ações-planejamento (R$ 129.211.290,00). Diferença de R$ 2540000.
check_valores_qdd_plurianual;A uo 4291, programa 61, ação 4131, função 10, subfunção 302 está com valor do ano 0, base qdd-plurianual (R$ 372.383.003,00) diferente da base ações-planejamento (R$ 355.924.634,00). Diferença de R$ 16458369.
check_valores_qdd_plurianual;A uo 4291, programa 62, ação 4134, função 10, subfunção 302 está com valor do ano 0, base qdd-plurianual (R$ 67.884.170,00) diferente da base ações-planejamento (R$ 55.925.801,00). Diferença de R$ 11958369.
check_valores_qdd_plurianual;A uo 4291, programa 62, ação 4135, função 10, subfunção 302 está com valor do ano 0, base qdd-plurianual (R$ 126.631.842,00) diferente da base ações-planejamento (R$ 110.177.775,00). Diferença de R$ 16454067.
check_valores_qdd_plurianual;A uo 4291, programa 62, ação 4136, função 10, subfunção 302 está com valor do ano 0, base qdd-plurianual (R$ 542.728.177,00) diferente da base ações-planejamento (R$ 540.679.608,00). Diferença de R$ 2048569.
check_valores_qdd_plurianual;A uo 4291, programa 705, ação 2087, função 10, subfunção 122 está com valor do ano 0, base qdd-plurianual (R$ 0,00) diferente da base ações-planejamento (R$ 920.794.395,00). Diferença de R$ -920794395.
check_valores_qdd_plurianual;A uo 4291, programa 705, ação 2500, função 10, subfunção 122 está com valor do ano 0, base qdd-plurianual (R$ 186.040.243,00) diferente da base ações-planejamento (R$ 136.021.363,00). Diferença de R$ 50018880.
